"0","summary(data$response_time)"
"1","   Min. "
"1","1st Qu. "
"1"," Median "
"1","   Mean "
"1","3rd Qu. "
"1","   Max. "
"1","   NA's "
"1","
"
"1","   0.14 "
"1","  45.53 "
"1","  75.88 "
"1","  95.38 "
"1"," 122.11 "
"1","5095.21 "
"1"," 226371 "
"1","
"
"0","# 5min = 300 seconds, 5095 seconds = 1.4 hours -> re-code everything more than 15 minutes (= 900 seconds) to 900 seconds"
"0",""
"0","n_distinct(data$person_id[data$response_time > 900]) "
"1","[1]"
"1"," 517"
"1","
"
"0","#517 scores will be changed"
"0",""
"0","#change response times to 900 seconds if they are more than 900 seconds"
"0","data <- data %>%"
"0","  mutate(response_time = ifelse(response_time > 900,  # test"
"0","                                900,                  # test = yes"
"0","                                response_time))       # test = no"
"0",""
"0","#check response time distribution"
"0","ggplot(data, aes(x = response_time)) +"
"0","  geom_histogram(binwidth = 1, fill = ""blue"", color = ""blue"") +"
"0","  geom_vline(xintercept=threshold, color=""red"") +"
"0","  geom_vline(xintercept=threshold2, color=""red"") +"
"0","  labs(title = ""Response Time Distribution (for every person & item combination)"", x = ""Response Times"", y = ""Frequency"") #the warning is on the NAs "
"2","Warning:"
"2"," [38;5;255mRemoved 226371 rows containing non-finite outside the scale range
(`stat_bin()`).[39m
"
